{"_note":"advance en em (1em = fontSize). lyric=Inter-Regular, chord=SpaceGrotesk-Bold (= police accords web).","lyric":{"0":0.630859375,"1":0.40673828125,"2":0.60986328125,"3":0.61767578125,"4":0.64599609375,"5":0.59326171875,"6":0.6201171875,"7":0.56591796875,"8":0.61865234375,"9":0.6201171875," ":0.28125,"!":0.28759765625,"\"":0.4658203125,"#":0.63330078125,"$":0.6416015625,"%":0.98193359375,"&":0.64404296875,"'":0.2998046875,"(":0.36474609375,")":0.36474609375,"*":0.5009765625,"+":0.66162109375,",":0.2880859375,"-":0.4599609375,".":0.2880859375,"/":0.3603515625,":":0.2880859375,";":0.3017578125,"<":0.66162109375,"=":0.66162109375,">":0.66162109375,"?":0.51123046875,"@":0.9658203125,"A":0.68994140625,"B":0.654296875,"C":0.73046875,"D":0.7216796875,"E":0.60107421875,"F":0.59033203125,"G":0.74609375,"H":0.7431640625,"I":0.2685546875,"J":0.57080078125,"K":0.671875,"L":0.5654296875,"M":0.9033203125,"N":0.75341796875,"O":0.7646484375,"P":0.638671875,"Q":0.7646484375,"R":0.6435546875,"S":0.6416015625,"T":0.6455078125,"U":0.744140625,"V":0.68994140625,"W":0.9853515625,"X":0.68212890625,"Y":0.6787109375,"Z":0.62890625,"[":0.36474609375,"\\":0.3603515625,"]":0.36474609375,"^":0.47119140625,"_":0.4560546875,"`":0.32275390625,"a":0.5615234375,"b":0.6123046875,"c":0.5712890625,"d":0.6123046875,"e":0.5830078125,"f":0.3701171875,"g":0.61328125,"h":0.59130859375,"i":0.2421875,"j":0.2421875,"k":0.548828125,"l":0.2421875,"m":0.8759765625,"n":0.5908203125,"o":0.599609375,"p":0.6123046875,"q":0.6123046875,"r":0.37646484375,"s":0.52783203125,"t":0.3271484375,"u":0.59130859375,"v":0.56201171875,"w":0.818359375,"x":0.5458984375,"y":0.56201171875,"z":0.55224609375,"{":0.42626953125,"|":0.33251953125,"}":0.42626953125,"~":0.66162109375,"├а":0.5615234375,"├в":0.5615234375,"├д":0.5615234375,"├б":0.5615234375,"├г":0.5615234375,"├й":0.5830078125,"├и":0.5830078125,"├к":0.5830078125,"├л":0.5830078125,"├н":0.2421875,"├м":0.2421875,"├о":0.2421875,"├п":0.2421875,"├│":0.599609375,"├▓":0.599609375,"├┤":0.599609375,"├╢":0.599609375,"├╡":0.599609375,"├║":0.59130859375,"├╣":0.59130859375,"├╗":0.59130859375,"├╝":0.59130859375,"├┐":0.56201171875,"├з":0.5712890625,"├▒":0.5908203125,"┼У":0.99951171875,"├ж":0.91748046875,"├А":0.68994140625,"├В":0.68994140625,"├Д":0.68994140625,"├Й":0.60107421875,"├И":0.60107421875,"├К":0.60107421875,"├Л":0.60107421875,"├О":0.2685546875,"├П":0.2685546875,"├Ф":0.7646484375,"├Ц":0.7646484375,"├Ы":0.744140625,"├Ь":0.744140625,"├З":0.73046875,"┼Т":1.0048828125,"├Ж":0.99365234375,"┬л":0.58251953125,"┬╗":0.58251953125,"тАж":0.8642578125,"тАЩ":0.2607421875,"тАШ":0.2607421875,"тАЬ":0.4404296875,"тАЭ":0.4404296875,"тАУ":0.5,"тАФ":1,"┬░":0.45556640625,"тВм":0.66650390625,"─Б":0.5615234375,"╟О":0.5615234375,"─У":0.5830078125,"─Ы":0.5830078125,"─л":0.2421875,"╟Р":0.2421875,"┼Н":0.599609375,"╟Т":0.599609375,"┼л":0.59130859375,"╟Ф":0.59130859375,"╟Ц":0.59130859375,"╟Ш":0.59130859375,"╟Ъ":0.59130859375,"╟Ь":0.59130859375,"─А":0.68994140625,"├Б":0.68994140625,"╟Н":0.68994140625},"chord":{"0":0.648,"1":0.452,"2":0.594,"3":0.608,"4":0.636,"5":0.6,"6":0.618,"7":0.554,"8":0.6,"9":0.618," ":0.254,"!":0.298,"\"":0.514,"#":0.636,"$":0.606,"%":0.758,"&":0.591,"'":0.294,"(":0.398,")":0.39,"*":0.54,"+":0.62,",":0.294,"-":0.432,".":0.298,"/":0.388,":":0.298,";":0.298,"<":0.62,"=":0.62,">":0.62,"?":0.578,"@":1.014,"A":0.634,"B":0.664,"C":0.644,"D":0.666,"E":0.554,"F":0.534,"G":0.662,"H":0.656,"I":0.264,"J":0.61,"K":0.626,"L":0.542,"M":0.882,"N":0.67,"O":0.676,"P":0.604,"Q":0.676,"R":0.632,"S":0.606,"T":0.588,"U":0.672,"V":0.618,"W":0.898,"X":0.644,"Y":0.624,"Z":0.576,"[":0.358,"\\":0.388,"]":0.358,"^":0.62,"_":0.62,"`":0.296,"a":0.578,"b":0.638,"c":0.586,"d":0.638,"e":0.577,"f":0.436,"g":0.638,"h":0.616,"i":0.266,"j":0.268,"k":0.564,"l":0.266,"m":0.854,"n":0.616,"o":0.612,"p":0.638,"q":0.638,"r":0.396,"s":0.524,"t":0.456,"u":0.616,"v":0.548,"w":0.784,"x":0.592,"y":0.616,"z":0.518,"{":0.466,"|":0.258,"}":0.466,"~":0.62,"├а":0.578,"├в":0.578,"├д":0.578,"├б":0.578,"├г":0.578,"├й":0.577,"├и":0.577,"├к":0.577,"├л":0.577,"├н":0.266,"├м":0.266,"├о":0.266,"├п":0.266,"├│":0.612,"├▓":0.612,"├┤":0.612,"├╢":0.612,"├╡":0.612,"├║":0.616,"├╣":0.616,"├╗":0.616,"├╝":0.616,"├┐":0.616,"├з":0.586,"├▒":0.616,"┼У":0.984,"├ж":0.874,"├А":0.634,"├В":0.634,"├Д":0.634,"├Й":0.554,"├И":0.554,"├К":0.554,"├Л":0.554,"├О":0.264,"├П":0.264,"├Ф":0.676,"├Ц":0.676,"├Ы":0.672,"├Ь":0.672,"├З":0.644,"┼Т":0.836,"├Ж":0.821,"┬л":0.72,"┬╗":0.72,"тАж":0.798,"тАЩ":0.294,"тАШ":0.294,"тАЬ":0.514,"тАЭ":0.514,"тАУ":0.584,"тАФ":0.888,"┬░":0.394,"тВм":0.678,"─Б":0.578,"╟О":0.578,"─У":0.577,"─Ы":0.577,"─л":0.266,"╟Р":0.266,"┼Н":0.612,"╟Т":0.612,"┼л":0.616,"╟Ф":0.616,"╟Ц":0.616,"╟Ш":0.616,"╟Ъ":0.616,"╟Ь":0.616,"─А":0.634,"├Б":0.634,"╟Н":0.634},"cjkAdvance":1}